<?xml version="1.0" encoding="UTF-8"?>
<!DOCTYPE beans PUBLIC "-//SPRING//DTD BEAN//EN" " http://www.springframework.org/dtd/spring-beans.dtd"> 
<beans>
	
	<!-- Service Cluster 0 definition -->
	<bean id="jmsServerCluster" class="org.jwebsocket.plugins.loadbalancer.memory.MemoryCluster">
		<!-- plan password value: 'admin' -->
		<property name="password" value="21232f297a57a5a743894a0e4a801fc3"/>
		<property name="alias" value="JMSServer"/>
		<property name="namespace" value="org.jwebsocket.jms.demo"/>
		<property name="grantedEndPoints" value="JMSServer1,JMSServer2"/>
	</bean>
	
	<!-- Service Cluster 1 definition -->
	<bean id="service1cluster" class="org.jwebsocket.plugins.loadbalancer.memory.MemoryCluster">
		<!-- plan password value: 'admin' -->
		<property name="password" value="21232f297a57a5a743894a0e4a801fc3"/>
		<property name="alias" value="service1"/>
		<property name="namespace" value="org.jwebsocket.plugins.sample1"/>
	</bean>
	
	<!-- Service Cluster 2 definition -->
	<bean id="service2cluster" class="org.jwebsocket.plugins.loadbalancer.memory.MemoryCluster">
		<!-- plan password value: 'admin' -->
		<property name="password" value="21232f297a57a5a743894a0e4a801fc3"/>
		<property name="alias" value="service2"/>
		<property name="namespace" value="org.jwebsocket.plugins.sample2"/>
	</bean>
	
	<!-- Service Cluster 3 definition -->
	<bean id="service3cluster" class="org.jwebsocket.plugins.loadbalancer.memory.MemoryCluster">
		<!-- plan password value: 'admin' -->
		<property name="password" value="21232f297a57a5a743894a0e4a801fc3"/>
		<property name="alias" value="service3"/>
		<property name="namespace" value="org.jwebsocket.plugins.sample3"/>
	</bean>
	
	<!-- Service Cluster 4 definition -->
	<bean id="clockCluster" class="org.jwebsocket.plugins.loadbalancer.memory.MemoryCluster">
		<!-- plan password value: 'admin' -->
		<property name="password" value="21232f297a57a5a743894a0e4a801fc3"/>
		<property name="alias" value="clock"/>
		<property name="namespace" value="somecompany.service.*,com.jwebsocket.service.*"/>
		<property name="grantedEndPoints" value="SomeCompany.Service.Node1,SomeCompany.Service.Node2"/>
	</bean>
	
	<!-- the memory cluster manager -->
	<bean id="memoryClusterManager" class="org.jwebsocket.plugins.loadbalancer.memory.MemoryClusterManager">
		<!-- 
		As we know, in the load balancer the client applications will functions as services. 
		Until now these services only can to be Web client (JavaScript) or Java client (java). 
		As consequence of this, it have implemented 3 types of algorithms differently for load 
		balancing considering the type of service (Web or Java) .The algorithm "1" to behave as 
		a simple round robin. This algorithm will work with both types of services. For example:

								Algorithm Round Robin ( value = 1 )

		Requests   R1   R2   R3   R1   R2   R3
				  _____________________________
		Services | Web|Java| Web|Java|Web |Java|
				 |____|____|____|____|____|____|


		The algorithm "2" was implemented only for java services; if all services are java clients
		this is the perfect choice, because this algorithm uses the “sigar” library to get the cpu usage
		in each online service. In this way we can achieve load balance more accurately. For example:

							   Algorithm Least CPU Usage ( value = 2 )

		Requests    R2   R6   R3        R4        R5   R1   R7
				   ______________________________________________________  
		Services  |Java|Java|Java|Web |Java|Web |Java|Java|Java|Web |Web | 
		CPU Usage |24%_|90%_|32%_|____|45%_|____|60%_|15%_|100%|____|____|	


		The algorithm "3" is a mixture of the previous algorithms, this algorithm is appropriate when
		services were created using both types of clients (Web and Java). When the service selected 
		is (Web) it executes the round robin algorithm and when the service selected is (Java) 
		it execute the least cpu usage algorithm. For example:

							  Algorithm Optimum Balance ( value = 3 )

		Requests    R1   R8   R3   R4   R5   R6   R7   R2   R1   R2   R3
				   ______________________________________________________  
		Services  |Web |Java|Java|Web |Java|Web |Java|Java|Web |Web |Web | 
		CPU Usage |____|90%_|32%_|____|45%_|____|60%_|15%_|____|____|____|					  
		-->
		<property name="balancerAlgorithm" value="3" />
		<property name="clustersList">
			<list>
				<ref bean="service1cluster" />
				<ref bean="service2cluster" />
				<ref bean="service3cluster" />
				<ref bean="clockCluster" />
				<ref bean="jmsServerCluster" />
			</list>
		</property>
	</bean>
			
	<!-- the LoadBalancer database instance to store the plugin data -->
	<bean id="lbDatabase" class="org.jwebsocket.storage.mongodb.MongoDBUtils" factory-method="getDB">
		<!-- the connection resource -->
		<constructor-arg ref="mongodbConnection0"/>
		<!-- the database name -->
		<constructor-arg value="lb_plugin"/>
		<!-- database user/password for authentication if required
		<constructor-arg value="user"/>
		<constructor-arg value="pass"/>
		-->
	</bean>		
	
	<!-- the MongoDB cluster manager -->
	<bean id="mongodbClusterManager" class="org.jwebsocket.plugins.loadbalancer.mongodb.MongoDBClusterManager"
	init-method="initialize">
		<!-- the manager configuration collection -->
		<constructor-arg>
			<bean factory-bean="lbDatabase" factory-method="getCollection">
				<constructor-arg value="config"/>
			</bean>
		</constructor-arg>
		<!-- the manager clusters collection -->
		<constructor-arg>
			<bean factory-bean="lbDatabase" factory-method="getCollection">
				<constructor-arg value="clusters"/>
			</bean>
		</constructor-arg>
		<!-- the manager endpoints collection -->
		<constructor-arg>
			<bean factory-bean="lbDatabase" factory-method="getCollection">
				<constructor-arg value="endpoints"/>
			</bean>
		</constructor-arg>
		<!-- 
		As we know, in the load balancer the client applications will functions as services. 
		Until now these services only can to be Web client (JavaScript) or Java client (java). 
		As consequence of this, it have implemented 3 types of algorithms differently for load 
		balancing considering the type of service (Web or Java) .The algorithm "1" to behave as 
		a simple round robin. This algorithm will work with both types of services. For example:

								Algorithm Round Robin ( value = 1 )

		Requests   R1   R2   R3   R1   R2   R3
				  _____________________________
		Services | Web|Java| Web|Java|Web |Java|
				 |____|____|____|____|____|____|


		The algorithm "2" was implemented only for java services; if all services are java clients
		this is the perfect choice, because this algorithm uses the “sigar” library to get the cpu usage
		in each online service. In this way we can achieve load balance more accurately. For example:

							   Algorithm Least CPU Usage ( value = 2 )

		Requests    R2   R6   R3        R4        R5   R1   R7
				   ______________________________________________________  
		Services  |Java|Java|Java|Web |Java|Web |Java|Java|Java|Web |Web | 
		CPU Usage |24%_|90%_|32%_|____|45%_|____|60%_|15%_|100%|____|____|	


		The algorithm "3" is a mixture of the previous algorithms, this algorithm is appropriate when
		services were created using both types of clients (Web and Java). When the service selected 
		is (Web) it executes the round robin algorithm and when the service selected is (Java) 
		it execute the least cpu usage algorithm. For example:

							  Algorithm Optimum Balance ( value = 3 )

		Requests    R1   R8   R3   R4   R5   R6   R7   R2   R1   R2   R3
				   ______________________________________________________  
		Services  |Web |Java|Java|Web |Java|Web |Java|Java|Web |Web |Web | 
		CPU Usage |____|90%_|32%_|____|45%_|____|60%_|15%_|____|____|____|					  
		-->
		<property name="balancerAlgorithm" value="1" />
		<!-- the initial clusters list (only added if not already registered) -->
		<property name="startupClusters">
			<list>
				<ref bean="service1cluster" />
				<ref bean="service2cluster" />
				<ref bean="service3cluster" />
				<ref bean="clockCluster" />
				<ref bean="jmsServerCluster" />
			</list>
		</property>
	</bean>
			
	<!-- Service Cluster alias/instance assignment -->
	<bean id="org.jwebsocket.plugins.loadbalancer.settings" class="org.jwebsocket.plugins.loadbalancer.Settings">
		<!-- load balancer cluster manager implementation -->
		<property name="clusterManager" ref="memoryClusterManager" />
		<!--<property name="clusterManager" ref="mongodbClusterManager" />-->
		
		<!-- load balancer message delivery timeout -->
		<property name="messageTimeout" value="3000" />
		<!-- if TRUE, the selected worker service id is included as part of the response -->
		<property name="includeWorkerServiceId" value="true" />
	</bean>
	
</beans>

