<?xml version="1.0" encoding="UTF-8"?>
<!DOCTYPE beans PUBLIC "-//SPRING//DTD BEAN//EN" " http://www.springframework.org/dtd/spring-beans.dtd"> 
<beans>

	<bean id="jws.benchmark" class="org.jwebsocket.plugins.api.PlugInDefinition">
		<property name="id" value="jws.benchmark" />
		<property name="namespace" value="org.jwebsocket.plugins.benchmark" />
		<property name="comment" value= "Plug-in for testing over various clients and servers" />
		<property name="supportedTokens">
			<set> 
				
				<bean class="org.jwebsocket.plugins.api.TokenDefinition">
					<property name="type" value="s2c_performance" />
					<property name="comment" value="Broadcast 1 messages to all connected clients." />
					<property name="inArguments">
						<set>
							<bean class="org.jwebsocket.plugins.api.TokenArgument">
								<property name="name" value="message"/>
								<property name="type" value="string"/>
								<property name="testValue" value="Hello world from jWebSocket!"/>
							</bean>
							<bean class="org.jwebsocket.plugins.api.TokenArgument">
								<property name="name" value="count"/>
								<property name="type" value="integer"/>
								<property name="testValue" value="1"/>
							</bean>
						</set>
					</property>
				</bean>
				
			</set>
		</property>
	</bean>

</beans>