<?xml version="1.0" encoding="UTF-8"?>
<web-app version="2.5" xmlns="http://java.sun.com/xml/ns/javaee" xmlns:xsi="http://www.w3.org/2001/XMLSchema-instance" xsi:schemaLocation="http://java.sun.com/xml/ns/javaee http://java.sun.com/xml/ns/javaee/web-app_2_5.xsd">
    <display-name>jWebSocket Tomcat HTTP Engine</display-name>
    <listener>
        <description>Context listener used to start and stop the jWebSocket application server.</description>
        <listener-class>org.jwebsocket.http.ContextListener</listener-class>
    </listener>
    <servlet>
        <servlet-name>jWebSocketHTTP</servlet-name>
        <servlet-class>org.jwebsocket.http.HTTPServlet</servlet-class>
    </servlet>
    <servlet-mapping>
        <servlet-name>jWebSocketHTTP</servlet-name>
        <url-pattern>/http</url-pattern>
    </servlet-mapping>
    <welcome-file-list>
        <welcome-file>index.html</welcome-file>
    </welcome-file-list>
</web-app>
