<?xml version="1.0" encoding="UTF-8"?>
<!DOCTYPE beans PUBLIC "-//SPRING//DTD BEAN//EN" " http://www.springframework.org/dtd/spring-beans.dtd"> 
<beans>
	<bean id="org.jwebsocket.plugins.filesystem.settings" class="org.jwebsocket.enterprise.plugins.filesystem.Settings">
		<property name="aliases">
			<map>
				<!-- Alias for the ReportingPlugIn report's directory (.jrxml) -->
				<entry>
					<key>
						<value>reportRoot</value>
					</key>
					<value>${JWEBSOCKET_HOME}conf/ReportingPlugIn/reports</value>
				</entry>    
				<entry key="privateDir" value="${JWEBSOCKET_HOME}filesystem/private/{username}/" />
				<entry key="publicDir" value="${JWEBSOCKET_HOME}filesystem/public/" />
				<entry key="webRoot" value="http://localhost/public/" />            
			</map>
		</property>
		<!-- size is given in MB -->
		<property name="publicStorageSize" value="100" />
		<property name="publicAllowedExtensions">
			<set>
				<value>jpeg</value>
				<value>png</value>
				<value>txt</value>
				<value>pdf</value>
				<value>zip</value>
			</set>
		</property>
		<property name="userDataProvider">
			<bean class="org.jwebsocket.enterprise.plugins.filesystem.userdata.MemoryUserDataProvider"
				  init-method="initialize" destroy-method="shutdown">
				<!-- size is given in MB -->
				<property name="defaultStorageSize" value="1000" />
				<property name="defaultAllowedExtensions">
					<set>
						<value>jpeg</value>
						<value>png</value>
						<value>txt</value>
						<value>pdf</value>
						<value>avi</value>
						<value>jrxml</value>
						<value>zip</value>
					</set>
				</property>
			</bean>
		</property>

	</bean>
</beans>
