<?xml version="1.0" encoding="UTF-8" standalone="no"?>
<catalog prefer="public" xmlns="urn:oasis:names:tc:entity:xmlns:xml:catalog">
    <group id="Folder Repository, directory=, recursive=true, Auto-Update=true, version=2" prefer="public" xml:base="">
        <uri id="Automatically generated entry, Timestamp=1416329180107" name="http://purl.obolibrary.org/obo/uo.owl" uri="uo.owl"/>
        <uri id="Automatically generated entry, Timestamp=1416329180107" name="http://www.enapso.com//Devices" uri="Devices.owl"/>
        <uri id="Automatically generated entry, Timestamp=1416329180107" name="http://www.enapso.com/Architectures" uri="Architectures/Architectures.owl"/>
        <uri id="Automatically generated entry, Timestamp=1416329180107" name="http://www.enapso.com/Datatypes" uri="Datatypes.owl"/>
        <uri id="Automatically generated entry, Timestamp=1416329180107" name="http://www.enapso.com/Dimensions" uri="Dimensions.owl"/>
        <uri id="Automatically generated entry, Timestamp=1416329180107" name="http://www.enapso.com/Implementation" uri="CodeGenerators/CodeGenerators.owl"/>
        <uri id="Automatically generated entry, Timestamp=1416329180107" name="http://www.enapso.com/Operations" uri="Operations.owl"/>
        <uri id="Automatically generated entry, Timestamp=1416329180107" name="http://www.enapso.com/codegenerators/javascript" uri="CodeGenerators/JavaScript.owl"/>
        <uri id="Automatically generated entry, Timestamp=1416329180107" name="http://www.enapso.com/complex_datatypes" uri="Complex_Datatypes.owl"/>
        <uri id="Automatically generated entry, Timestamp=1416329180107" name="http://www.enapso.com/enapso" uri="Customers/Enapso/Enapso.owl"/>
        <uri id="Automatically generated entry, Timestamp=1416329180107" name="http://www.enapso.com/ontologies/languages/javascript" uri="JavaScript.owl"/>
        <uri id="Automatically generated entry, Timestamp=1416329180107" name="http://www.enapso.com/root" uri="Enapso.owl"/>
        <uri id="Automatically generated entry, Timestamp=1416329180107" name="http://www.enapso.org/simple_datatypes" uri="Simple_Datatypes.owl"/>
        <uri id="Automatically generated entry, Timestamp=1416329180107" name="http://www.innotrade.com/innotrade" uri="Customers/Innotrade/Innotrade.owl"/>
        <uri id="Automatically generated entry, Timestamp=1416329180107" name="http://www.innotrade.com/project/AddressManagerPOC" uri="Customers/Innotrade/AddressManagerPOC/AddressManagerPOC.owl"/>
        <uri id="Automatically generated entry, Timestamp=1416329180107" name="http://www.innotrade.com/project/HelloWorld" uri="Customers/Innotrade/HelloWorld/HelloWorld.owl"/>
        <uri id="Automatically generated entry, Timestamp=1416329180107" name="http://www.mycompany.tld" uri="Customers/MyCompany/MyCompany.owl"/>
        <uri id="Automatically generated entry, Timestamp=1416329180107" name="http://www.semanticweb.org/aschulze/ontologies/2014/7/untitled-ontology-7" uri="Controls.owl"/>
        <uri id="Automatically generated entry, Timestamp=1416329180107" name="duplicate:http://www.w3.org/2002/07/owl" uri="Colors.owl"/>
        <uri id="Automatically generated entry, Timestamp=1416329180107" name="duplicate:http://www.w3.org/2002/07/owl" uri="Units.owl"/>
    </group>
</catalog>
