<?xml version="1.0" encoding="UTF-8"?>
<!DOCTYPE beans PUBLIC "-//SPRING//DTD BEAN//EN" " http://www.springframework.org/dtd/spring-beans.dtd"> 
<beans>
	<!-- import definitions-->
	<import resource="definitions/contact.xml" />
	<import resource="definitions/ActivationAccount.xml" />
	<import resource="definitions/Right.xml" />
	<import resource="definitions/Role.xml" />
	<import resource="definitions/RoleRight.xml" />
	<import resource="definitions/User.xml" />
	<import resource="definitions/UserRole.xml" />

	<!-- Memory Storage 
	<bean id="itemFactory" class="org.jwebsocket.plugins.itemstorage.memory.MemoryItemFactory">
		<property name="definitions">
			<set>
				<ref bean="contactDef" />
				<ref bean="activationAccountDef" />
				<ref bean="rightDef" />
				<ref bean="roleDef" />
				<ref bean="roleRightDef" />
				<ref bean="userDef" />
				<ref bean="userRoleDef" />
			</set>
		</property>
	</bean>

	<bean id="itemStorageProvider" class="org.jwebsocket.plugins.itemstorage.memory.MemoryItemStorageProvider">
		<constructor-arg ref="itemFactory"/>
	</bean>

	<bean id="collectionProvider" class="org.jwebsocket.plugins.itemstorage.memory.MemoryItemCollectionProvider">
		<constructor-arg ref="itemStorageProvider"/>
	</bean>
	
	<bean id="logsManager" class="org.jwebsocket.enterprise.plugins.itemstorage.memory.MemoryLogsManager">
	</bean>
	-->

	<!-- MongoDB Storage 
	<bean id="databaseFactory" class="org.jwebsocket.enterprise.plugins.itemstorage.mongodb.DatabaseFactory">
		<constructor-arg ref="mongodbConnection0"/>
		<constructor-arg value="NORMAL"/>
	</bean>
	<bean id="itemsCollection"
		  factory-bean="databaseFactory"
		  factory-method="getItemsCollection"/>
	<bean id="definitionsCollection"
		  factory-bean="databaseFactory"
		  factory-method="getDefinitionsCollection"/>
	<bean id="collectionsCollection"
		  factory-bean="databaseFactory"
		  factory-method="getCollectionsCollection"/>
	<bean id="logsCollection"
		  factory-bean="databaseFactory"
		  factory-method="getLogsCollection"/>
	<bean id="clientsCollection"
		  factory-bean="databaseFactory"
		  factory-method="getClientsCollection"/>

	<bean id="itemFactory" class="org.jwebsocket.enterprise.plugins.itemstorage.mongodb.MongoDBItemFactory"
		  init-method="initialize" destroy-method="shutdown">
		<constructor-arg ref="definitionsCollection"/>
		<property name="definitions">
			<set>
				<ref bean="contactDef" />
                <ref bean="activationAccountDef" />
				<ref bean="rightDef" />
				<ref bean="roleDef" />
				<ref bean="roleRightDef" />
				<ref bean="userDef" />
				<ref bean="userRoleDef" />
			</set>
		</property>
	</bean>

	<bean id="logsManager" class="org.jwebsocket.enterprise.plugins.itemstorage.mongodb.MongoDBLogsManager"
		init-method="initialize" destroy-method="shutdown">
		<constructor-arg ref="logsCollection"/>
	</bean>

	<bean id="itemStorageProvider" class="org.jwebsocket.enterprise.plugins.itemstorage.mongodb.MongoDBItemStorageProvider"
		  init-method="initialize" destroy-method="shutdown">
		<constructor-arg ref="itemFactory"/>
		<constructor-arg ref="itemsCollection"/>
	</bean>

	<bean id="collectionProvider" class="org.jwebsocket.enterprise.plugins.itemstorage.mongodb.MongoDBItemCollectionProvider"
		  init-method="initialize" destroy-method="shutdown">
		<constructor-arg ref="itemStorageProvider"/>
		<constructor-arg ref="collectionsCollection"/>
		<constructor-arg ref="clientsCollection"/>
	</bean>-->

	<!-- ORMLite (JDBC) Storage -->
    <!--
	<bean id="itemsDao" class="com.j256.ormlite.spring.DaoFactory"
		  factory-method="createDao">
		<constructor-arg index="0" ref="itemStorageDataSource" />
		<constructor-arg index="1" value="org.jwebsocket.enterprise.plugins.itemstorage.ormlite.entity.ItemEntity" />
	</bean>

	<bean id="definitionsDao" class="com.j256.ormlite.spring.DaoFactory"
		  factory-method="createDao">
		<constructor-arg index="0" ref="itemStorageDataSource" />
		<constructor-arg index="1" value="org.jwebsocket.enterprise.plugins.itemstorage.ormlite.entity.ItemDefinitionEntity" />
	</bean>

	<bean id="collectionsDao" class="com.j256.ormlite.spring.DaoFactory"
		  factory-method="createDao">
		<constructor-arg index="0" ref="itemStorageDataSource" />
		<constructor-arg index="1" value="org.jwebsocket.enterprise.plugins.itemstorage.ormlite.entity.CollectionEntity" />
	</bean>

	<bean id="clientsDao" class="com.j256.ormlite.spring.DaoFactory"
		  factory-method="createDao">
		<constructor-arg index="0" ref="itemStorageDataSource" />
		<constructor-arg index="1" value="org.jwebsocket.enterprise.plugins.itemstorage.ormlite.entity.ClientEntity" />
	</bean>

	<bean id="logsDao" class="com.j256.ormlite.spring.DaoFactory"
		  factory-method="createDao">
		<constructor-arg index="0" ref="itemStorageDataSource" />
		<constructor-arg index="1" value="org.jwebsocket.enterprise.plugins.itemstorage.ormlite.entity.LogEntity" />
	</bean>

	<bean id="itemFactory" class="org.jwebsocket.enterprise.plugins.itemstorage.ormlite.OrmLiteItemFactory" 
		  init-method="initialize">
		<constructor-arg index="0" ref="definitionsDao" />
		<property name="definitions">
			<set>
				<ref bean="contactDef" />
				<ref bean="activationAccountDef" />
				<ref bean="rightDef" />
				<ref bean="roleDef" />
				<ref bean="roleRightDef" />
				<ref bean="userDef" />
				<ref bean="userRoleDef" />
			</set>
		</property>
	</bean>

	<bean id="itemStorageProvider" class="org.jwebsocket.enterprise.plugins.itemstorage.ormlite.OrmLiteItemStorageProvider"
		  init-method="initialize">
		<constructor-arg index="0" ref="itemFactory"/>
		<constructor-arg index="1" ref="itemsDao"/>
	</bean>

	<bean id="collectionProvider" class="org.jwebsocket.enterprise.plugins.itemstorage.ormlite.OrmLiteItemCollectionProvider"
		  init-method="initialize">
		<constructor-arg index="0" ref="itemStorageProvider"/>
		<constructor-arg index="1" ref="collectionsDao"/>
		<constructor-arg index="2" ref="clientsDao"/>
	</bean>

	<bean id="logsManager" class="org.jwebsocket.enterprise.plugins.itemstorage.ormlite.OrmLiteLogsManager"
		  init-method="initialize" destroy-method="shutdown">
		<constructor-arg index="0" ref="logsDao"/>
	</bean>-->
    
    <!-- DynamicSql (JDBC) Storage -->
    <!--<bean name="itemStorageDataSource" class="org.springframework.jdbc.datasource.DriverManagerDataSource">
        <property name="driverClassName" value="com.mysql.jdbc.Driver" />
        <property name="url" value="jdbc:mysql://localhost:3306/itemstorage" />
        <property name="username" value="markos" />
        <property name="password" value="markos" />
    </bean>-->

    <bean id="dynaDatabase" class="org.jwebsocket.dynamicsql.DynaDB">
        <constructor-arg index="0" value="generate_db"/>
        <constructor-arg index="1" ref="itemStorageDataSource" />
	</bean>

	<bean id="itemFactory" class="org.jwebsocket.enterprise.plugins.itemstorage.dynamicsql.DynaSqlItemFactory" 
		  init-method="initialize">
		<constructor-arg index="0" ref="dynaDatabase" />
		<property name="definitions">
			<set>
				<ref bean="contactDef" />
				<ref bean="activationAccountDef" />
				<ref bean="rightDef" />
				<ref bean="roleDef" />
				<ref bean="roleRightDef" />
				<ref bean="userDef" />
				<ref bean="userRoleDef" />
			</set>
		</property>
	</bean>

	<bean id="itemStorageProvider" class="org.jwebsocket.enterprise.plugins.itemstorage.dynamicsql.DynaSqlItemStorageProvider"
		  init-method="initialize">
		<constructor-arg index="0" ref="itemFactory"/>
		<constructor-arg index="1" ref="dynaDatabase"/>
	</bean>

	<bean id="collectionProvider" class="org.jwebsocket.enterprise.plugins.itemstorage.dynamicsql.DynaSqlItemCollectionProvider"
		  init-method="initialize">
		<constructor-arg index="0" ref="itemStorageProvider"/>
		<constructor-arg index="1" ref="dynaDatabase"/>
	</bean>

	<bean id="logsManager" class="org.jwebsocket.enterprise.plugins.itemstorage.dynamicsql.DynaSqlLogsManager"
		  init-method="initialize">
		<constructor-arg index="0" ref="dynaDatabase"/>
	</bean>

	<!-- Listeners Registrator -->
	<bean id="listenersRegistrator" class="org.jwebsocket.plugins.itemstorage.event.ListenersRegistrator">
		<property name="listeners">
			<list>
				<ref bean="validationExtension" />
			</list>
		</property>
	</bean>

	<!-- Extensions -->
	<bean id="validationExtension" class="org.jwebsocket.enterprise.plugins.itemstorage.extension.ValidationExtension">
	</bean>
</beans>
