<?xml version="1.0" encoding="UTF-8"?>
<beans xmlns="http://www.springframework.org/schema/beans"
	   xmlns:xsi="http://www.w3.org/2001/XMLSchema-instance"
	   xsi:schemaLocation="http://www.springframework.org/schema/beans
  http://www.springframework.org/schema/beans/spring-beans-3.0.xsd">
   
	<bean id="activationAccountDef" class="org.jwebsocket.plugins.itemstorage.item.ItemDefinition">
		<property name="type" value="org.jws.ee.useradmin.definitions.activationAccount"/>
		<property name="primaryKeyAttribute" value="id" />
		<property name="attributeTypes">
			<map>
				<entry key="idUser">
					<bean class="org.jwebsocket.enterprise.plugins.itemstorage.item.MapAttributeDef" factory-method="generateDef">
						<constructor-arg index="0" value="string" />
						<constructor-arg index="1">
							<map>
								<entry key="required">
									<bean class="java.lang.Boolean">
										<constructor-arg index="0" value="true" />
									</bean>
								</entry>
								<entry key="unique">
									<bean class="java.lang.Boolean">
										<constructor-arg index="0" value="true" />
									</bean>
								</entry>
							</map>
						</constructor-arg>
					</bean>
				</entry>
				<entry key="code">
					<bean class="org.jwebsocket.enterprise.plugins.itemstorage.item.MapAttributeDef" factory-method="generateDef">
						<constructor-arg index="0" value="string" />
						<constructor-arg index="1">
							<map>
								<entry key="required">
									<bean class="java.lang.Boolean">
										<constructor-arg index="0" value="true" />
									</bean>
								</entry>
								<entry key="unique">
									<bean class="java.lang.Boolean">
										<constructor-arg index="0" value="true" />
									</bean>
								</entry>
							</map>
						</constructor-arg>
					</bean>
				</entry>
				<entry key="count">
					<bean class="org.jwebsocket.enterprise.plugins.itemstorage.item.MapAttributeDef" factory-method="generateDef">
						<constructor-arg index="0" value="integer" />
						<constructor-arg index="1">
							<map>
								<entry key="default">
									<bean class="java.lang.Integer">
										<constructor-arg index="0" value="1" />
									</bean>
								</entry>
							</map>
						</constructor-arg>
					</bean>
				</entry>
				<entry key="expireCode">
					<bean class="org.jwebsocket.enterprise.plugins.itemstorage.item.MapAttributeDef" factory-method="generateDef">
						<constructor-arg index="0" value="long" />
						<constructor-arg index="1">
							<map>
								<entry key="required">
									<bean class="java.lang.Boolean">
										<constructor-arg index="0" value="true" />
									</bean>
								</entry>
							</map>
						</constructor-arg>
					</bean>
				</entry>
			</map>
		</property>
	</bean>
</beans>
