<?xml version="1.0" encoding="UTF-8"?>
<beans xmlns="http://www.springframework.org/schema/beans"
	   xmlns:xsi="http://www.w3.org/2001/XMLSchema-instance"
	   xsi:schemaLocation="http://www.springframework.org/schema/beans
  http://www.springframework.org/schema/beans/spring-beans-3.0.xsd">

	<bean id="contactDef" class="org.jwebsocket.plugins.itemstorage.item.ItemDefinition">
		<property name="type" value="contact" />
		<property name="primaryKeyAttribute" value="username" />
		<property name="attributeTypes">
			<map>
				<entry key="name">
					<bean class="org.jwebsocket.enterprise.plugins.itemstorage.item.MapAttributeDef" factory-method="generateDef">
						<constructor-arg index="0" value="string" />
						<constructor-arg index="1">
							<map>
								<entry key="required">
									<bean class="java.lang.Boolean">
										<constructor-arg index="0" value="true" />
									</bean>
								</entry>
							</map>
						</constructor-arg>
					</bean>
				</entry>
				<entry key="mailAddress" value="string"/>
				<entry key="siteURL" value="string"/>
				<entry key="comment" value="string"/>
				<entry key="image" value="string"/>
				<entry key="sex" value="boolean"/>
			</map>
		</property>
	</bean>
</beans>