<?xml version="1.0" encoding="UTF-8"?>
<beans xmlns="http://www.springframework.org/schema/beans"
       xmlns:xsi="http://www.w3.org/2001/XMLSchema-instance"
       xsi:schemaLocation="http://www.springframework.org/schema/beans
  http://www.springframework.org/schema/beans/spring-beans-3.0.xsd">
   
    <bean id="roleDef" class="org.jwebsocket.plugins.itemstorage.item.ItemDefinition">
        <property name="type" value="org.jws.ee.useradmin.definitions.role" />
        <property name="primaryKeyAttribute" value="id" />
        <property name="attributeTypes">
            <map>
                <entry key="name">
                    <bean class="org.jwebsocket.enterprise.plugins.itemstorage.item.MapAttributeDef" factory-method="generateDef">
                        <constructor-arg index="0" value="string" />
                        <constructor-arg index="1">
                            <map>
                                <entry key="required">
                                    <bean class="java.lang.Boolean">
                                        <constructor-arg index="0" value="true" />
                                    </bean>
                                </entry>
                                <entry key="unique">
                                    <bean class="java.lang.Boolean">
                                        <constructor-arg index="0" value="true" />
                                    </bean>
                                </entry>
                                <entry key="max_length">
                                    <bean class="java.lang.Integer">
                                        <constructor-arg index="0" value="250" />
                                    </bean>
                                </entry>
                            </map>
                        </constructor-arg>
                    </bean>
                </entry>
                <entry key="description" value="string"/>
            </map>
        </property>
    </bean>
</beans>