<?xml version="1.0" encoding="UTF-8"?>
<beans xmlns="http://www.springframework.org/schema/beans"
       xmlns:xsi="http://www.w3.org/2001/XMLSchema-instance"
       xsi:schemaLocation="http://www.springframework.org/schema/beans
  http://www.springframework.org/schema/beans/spring-beans-3.0.xsd">
   
    <bean id="userDef" class="org.jwebsocket.plugins.itemstorage.item.ItemDefinition">
        <property name="type" value="org.jws.ee.useradmin.definitions.user"/>
        <property name="primaryKeyAttribute" value="id" />
        <property name="attributeTypes">
            <map>
                <entry key="firstname">
                    <bean class="org.jwebsocket.enterprise.plugins.itemstorage.item.MapAttributeDef" factory-method="generateDef">
                        <constructor-arg index="0" value="string" />
                        <constructor-arg index="1">
                            <map>
                                <entry key="required">
                                    <bean class="java.lang.Boolean">
                                        <constructor-arg index="0" value="true" />
                                    </bean>
                                </entry>
                                <entry key="max_length">
                                    <bean class="java.lang.Integer">
                                        <constructor-arg index="0" value="50" />
                                    </bean>
                                </entry>
                                <entry key="reg_exp">
                                    <bean class="java.lang.String">
                                        <constructor-arg index="0" value="^[A-Z][a-z]+( [A-Z][a-z]+)*" />
                                        <!--<constructor-arg index="0" value="^[A-Z][a-záéíóúAÉÍÓÚÑñ]+( [A-Z][a-záéíóúAÉÍÓÚÑñ]+)*" />-->
                                    </bean>
                                </entry>
                            </map>
                        </constructor-arg>
                    </bean>
                </entry>
                <entry key="lastname">
                    <bean class="org.jwebsocket.enterprise.plugins.itemstorage.item.MapAttributeDef" factory-method="generateDef">
                        <constructor-arg index="0" value="string" />
                        <constructor-arg index="1">
                            <map>
                                <entry key="required">
                                    <bean class="java.lang.Boolean">
                                        <constructor-arg index="0" value="true" />
                                    </bean>
                                </entry>
                                <entry key="max_length">
                                    <bean class="java.lang.Integer">
                                        <constructor-arg index="0" value="50" />
                                    </bean>
                                </entry>
                                <entry key="reg_exp">
                                    <bean class="java.lang.String">
                                        <constructor-arg index="0" value="^[A-Z][a-z]+( [A-Z][a-z]+)*" />
                                        <!--<constructor-arg index="0" value="^[A-Z][a-záéíóúAÉÍÓÚÑñ]+( [A-Z][a-záéíóúAÉÍÓÚÑñ]+)*" />-->
                                    </bean>
                                </entry>
                            </map>
                        </constructor-arg>
                    </bean>
                </entry>
                <entry key="email">
                    <bean class="org.jwebsocket.enterprise.plugins.itemstorage.item.MapAttributeDef" factory-method="generateDef">
                        <constructor-arg index="0" value="string" />
                        <constructor-arg index="1">
                            <map>
                                <entry key="required">
                                    <bean class="java.lang.Boolean">
                                        <constructor-arg index="0" value="true" />
                                    </bean>
                                </entry>
                                <entry key="unique">
                                    <bean class="java.lang.Boolean">
                                        <constructor-arg index="0" value="true" />
                                    </bean>
                                </entry>
                                <entry key="max_length">
                                    <bean class="java.lang.Integer">
                                        <constructor-arg index="0" value="100" />
                                    </bean>
                                </entry>
                                <entry key="reg_exp">
                                    <bean class="java.lang.String">
                                        <constructor-arg index="0" value="^[_A-Za-z0-9-]+(\.[_A-Za-z0-9-]+)*@[A-Za-z0-9]+(\.[A-Za-z0-9]+)*(\.[A-Za-z]{2,})$" />
                                    </bean>
                                </entry>
                            </map>
                        </constructor-arg>
                    </bean>
                </entry>
                <entry key="telephone">
                    <bean class="org.jwebsocket.enterprise.plugins.itemstorage.item.MapAttributeDef" factory-method="generateDef">
                        <constructor-arg index="0" value="string" />
                        <constructor-arg index="1">
                            <map>
                                <entry key="max_length">
                                    <bean class="java.lang.Integer">
                                        <constructor-arg index="0" value="20" />
                                    </bean>
                                </entry>
                            </map>
                        </constructor-arg>
                    </bean>
                </entry>
                <entry key="mobile">
                    <bean class="org.jwebsocket.enterprise.plugins.itemstorage.item.MapAttributeDef" factory-method="generateDef">
                        <constructor-arg index="0" value="string" />
                        <constructor-arg index="1">
                            <map>
                                <entry key="required">
                                    <bean class="java.lang.Boolean">
                                        <constructor-arg index="0" value="true" />
                                    </bean>
                                </entry>
                                <entry key="unique">
                                    <bean class="java.lang.Boolean">
                                        <constructor-arg index="0" value="true" />
                                    </bean>
                                </entry>
                                <entry key="max_length">
                                    <bean class="java.lang.Integer">
                                        <constructor-arg index="0" value="20" />
                                    </bean>
                                </entry>
                            </map>
                        </constructor-arg>
                    </bean>
                </entry>
                <entry key="fax">
                    <bean class="org.jwebsocket.enterprise.plugins.itemstorage.item.MapAttributeDef" factory-method="generateDef">
                        <constructor-arg index="0" value="string" />
                        <constructor-arg index="1">
                            <map>
                                <entry key="max_length">
                                    <bean class="java.lang.Integer">
                                        <constructor-arg index="0" value="20" />
                                    </bean>
                                </entry>
                            </map>
                        </constructor-arg>
                    </bean>
                </entry>
                <entry key="username">
                    <bean class="org.jwebsocket.enterprise.plugins.itemstorage.item.MapAttributeDef" factory-method="generateDef">
                        <constructor-arg index="0" value="string" />
                        <constructor-arg index="1">
                            <map>
                                <entry key="required">
                                    <bean class="java.lang.Boolean">
                                        <constructor-arg index="0" value="true" />
                                    </bean>
                                </entry>
                                <entry key="unique">
                                    <bean class="java.lang.Boolean">
                                        <constructor-arg index="0" value="true" />
                                    </bean>
                                </entry>
                                <entry key="reg_exp">
                                    <bean class="java.lang.String">
                                        <constructor-arg index="0" value="[a-z]+[a-z0-9_]{3,15}$" />
                                    </bean>
                                </entry>
                            </map>
                        </constructor-arg>
                    </bean>
                </entry>
                <entry key="password">
                    <bean class="org.jwebsocket.enterprise.plugins.itemstorage.item.MapAttributeDef" factory-method="generateDef">
                        <constructor-arg index="0" value="string" />
                        <constructor-arg index="1">
                            <map>
                                <entry key="required">
                                    <bean class="java.lang.Boolean">
                                        <constructor-arg index="0" value="true" />
                                    </bean>
                                </entry>
                                <entry key="min_length">
                                    <bean class="java.lang.Integer">
                                        <constructor-arg index="0" value="6" />
                                    </bean>
                                </entry>
                                <entry key="max_length">
                                    <bean class="java.lang.Integer">
                                        <constructor-arg index="0" value="40" />
                                    </bean>
                                </entry>
                            </map>
                        </constructor-arg>
                    </bean>
                </entry>
                <entry key="securityQuestion">
                    <bean class="org.jwebsocket.enterprise.plugins.itemstorage.item.MapAttributeDef" factory-method="generateDef">
                        <constructor-arg index="0" value="string" />
                        <constructor-arg index="1">
                            <map>
                                <entry key="required">
                                    <bean class="java.lang.Boolean">
                                        <constructor-arg index="0" value="true" />
                                    </bean>
                                </entry>
                                <entry key="min_length">
                                    <bean class="java.lang.Integer">
                                        <constructor-arg index="0" value="2" />
                                    </bean>
                                </entry>
                                <entry key="max_length">
                                    <bean class="java.lang.Integer">
                                        <constructor-arg index="0" value="250" />
                                    </bean>
                                </entry>
                            </map>
                        </constructor-arg>
                    </bean>
                </entry>
                <entry key="securityAnswer">
                    <bean class="org.jwebsocket.enterprise.plugins.itemstorage.item.MapAttributeDef" factory-method="generateDef">
                        <constructor-arg index="0" value="string" />
                        <constructor-arg index="1">
                            <map>
                                <entry key="required">
                                    <bean class="java.lang.Boolean">
                                        <constructor-arg index="0" value="true" />
                                    </bean>
                                </entry>
                                <entry key="max_length">
                                    <bean class="java.lang.Integer">
                                        <constructor-arg index="0" value="250" />
                                    </bean>
                                </entry>
                            </map>
                        </constructor-arg>
                    </bean>
                </entry>
                <entry key="myInterest">
                    <bean class="org.jwebsocket.enterprise.plugins.itemstorage.item.MapAttributeDef" factory-method="generateDef">
                        <constructor-arg index="0" value="string" />
                        <constructor-arg index="1">
                            <map>
                                <entry key="required">
                                    <bean class="java.lang.Boolean">
                                        <constructor-arg index="0" value="true" />
                                    </bean>
                                </entry>
                            </map>
                        </constructor-arg>
                    </bean>
                </entry>
                <entry key="subscriptions" value="string" />
                <entry key="enabled">
                    <bean class="org.jwebsocket.enterprise.plugins.itemstorage.item.MapAttributeDef" factory-method="generateDef">
                        <constructor-arg index="0" value="boolean" />
                        <constructor-arg index="1">
                            <map>
                                <entry key="default">
                                    <bean class="java.lang.Boolean">
                                        <constructor-arg index="0" value="true" />
                                    </bean>
                                </entry>
                            </map>
                        </constructor-arg>
                    </bean>
                </entry>
                <entry key="active">
                    <bean class="org.jwebsocket.enterprise.plugins.itemstorage.item.MapAttributeDef" factory-method="generateDef">
                        <constructor-arg index="0" value="boolean" />
                        <constructor-arg index="1">
                            <map>
                                <entry key="default">
                                    <bean class="java.lang.Boolean">
                                        <constructor-arg index="0" value="false" />
                                    </bean>
                                </entry>
                            </map>
                        </constructor-arg>
                    </bean>
                </entry>
                <entry key="registrationDate" value="long"/>
                <entry key="activationDate" value="long"/>
                <entry key="lastActivityDate" value="long"/>
                <entry key="loginCount">
                    <bean class="org.jwebsocket.enterprise.plugins.itemstorage.item.MapAttributeDef" factory-method="generateDef">
                        <constructor-arg index="0" value="integer" />
                        <constructor-arg index="1">
                            <map>
                                <entry key="default">
                                    <bean class="java.lang.Integer">
                                        <constructor-arg index="0" value="0" />
                                    </bean>
                                </entry>
                            </map>
                        </constructor-arg>
                    </bean>
                </entry>
            </map>
        </property>
    </bean>
</beans>
