<?xml version="1.0" encoding="UTF-8"?>
<beans xmlns="http://www.springframework.org/schema/beans"
       xmlns:xsi="http://www.w3.org/2001/XMLSchema-instance"
       xsi:schemaLocation="http://www.springframework.org/schema/beans
  http://www.springframework.org/schema/beans/spring-beans-3.0.xsd">
  
   <bean id="notificationsMap" class="javolution.util.FastMap">
      <constructor-arg>
         <map>
            <entry key="welcomeMessage">
               <bean id="welcomeMessageNotification" class= "org.jwebsocket.enterprise.plugins.useradmin.definitions.Notification">
                  <property name="byMail" value="true"/>
                  <property name="bySMS" value="true"/>
                  <property name="subject" value="Welcome to jWebSocket Community"/>
                  <property name="mailTemplateFile" value="welcomeMessageTemplate.info"/>
                  <property name="smsTemplateFile" value="welcomeMessageTemplate.info"/>
               </bean> 
            </entry>
            <entry key="activationAccount">
               <bean id="activationAccountNotification" class= "org.jwebsocket.enterprise.plugins.useradmin.definitions.Notification">
                  <property name="byMail" value="true"/>
                  <property name="bySMS" value="true"/>
                  <property name="subject" value="Activation account in jWebSocket"/>
                  <property name="mailTemplateFile" value="activationAccountTemplate.info"/>
                  <property name="smsTemplateFile" value="activationAccountTemplate.info"/>
               </bean>
            </entry>
            <entry key="recoveryPassword">
               <bean id="recoveryPasswordNotification" class= "org.jwebsocket.enterprise.plugins.useradmin.definitions.Notification">
                  <property name="byMail" value="true"/>
                  <property name="bySMS" value="true"/>
                  <property name="subject" value="Password recovery for jWebSocket account"/>
                  <property name="mailTemplateFile" value="recoveryPasswordTemplate.info"/>
                  <property name="smsTemplateFile" value="recoveryPasswordTemplate.info"/>
               </bean>
            </entry>
            <entry key="changePassword">
               <bean id="changePasswordNotification" class= "org.jwebsocket.enterprise.plugins.useradmin.definitions.Notification">
                  <property name="byMail" value="true"/>
                  <property name="bySMS" value="true"/>
                  <property name="subject" value="Password changed for jWebSocket account"/>
                  <property name="mailTemplateFile" value="changePasswordTemplate.info"/>
                  <property name="smsTemplateFile" value="changePasswordTemplate.info"/>
               </bean>
            </entry>
            <entry key="changePasswordByAdmin">
               <bean id="changePasswordByAdminNotification" class= "org.jwebsocket.enterprise.plugins.useradmin.definitions.Notification">
                  <property name="byMail" value="true"/>
                  <property name="bySMS" value="true"/>
                  <property name="subject" value="Password of jWebSocket account was changed by admin"/>
                  <property name="mailTemplateFile" value="changePasswordByAdminTemplate.info"/>
                  <property name="smsTemplateFile" value="changePasswordByAdminTemplate.info"/>
               </bean>
            </entry>
            <entry key="resetUserPassword">
               <bean id="resetUserPasswordNotification" class= "org.jwebsocket.enterprise.plugins.useradmin.definitions.Notification">
                  <property name="byMail" value="true"/>
                  <property name="bySMS" value="true"/>
                  <property name="subject" value="Password of jWebSocket account was reset by admin"/>
                  <property name="mailTemplateFile" value="resetUserPasswordTemplate.info"/>
                  <property name="smsTemplateFile" value="resetUserPasswordTemplate.info"/>
               </bean>
            </entry>
         </map>
      </constructor-arg>
   </bean>
</beans>
