<?xml version="1.0" encoding="UTF-8"?>
<beans xmlns="http://www.springframework.org/schema/beans"
	   xmlns:xsi="http://www.w3.org/2001/XMLSchema-instance"
	   xsi:schemaLocation="http://www.springframework.org/schema/beans
  http://www.springframework.org/schema/beans/spring-beans-3.0.xsd">
	<bean id="usersList" class="java.util.ArrayList">
		<constructor-arg>
				<set>
					<map>
						<entry key="firstname" value="Unknown"/>
						<entry key="lastname" value="Unknown"/>
						<entry key="email" value="noreply-root@jwebsocket.org"/>
						<entry key="mobile" value="+00 (000) 00000"/>
						<entry key="myInterest" value="interest_03"/>
						<entry key="username" value="root"/>
						<entry key="password" value="rootJws123"/>
						<entry key="securityQuestion" value="what is my username?"/>
						<entry key="securityAnswer" value="root"/>
					</map>
					<map>
						<entry key="firstname" value="Unknown"/>
						<entry key="lastname" value="Unknown"/>
						<entry key="email" value="noreply-guest@jwebsocket.org"/>
						<entry key="mobile" value="+00 (000) 00001"/>
						<entry key="myInterest" value="interest_03"/>
						<entry key="username" value="guest"/>
						<entry key="password" value="guestJws123"/>
						<entry key="securityQuestion" value="what is my username?"/>
						<entry key="securityAnswer" value="guest"/>
					</map>
					<map>
						<entry key="firstname" value="Unknown"/>
						<entry key="lastname" value="Unknown"/>
						<entry key="email" value="noreply-admin@jwebsocket.org"/>
						<entry key="mobile" value="+00 (000) 00002"/>
						<entry key="myInterest" value="interest_03"/>
						<entry key="username" value="admin"/>
						<entry key="password" value="adminJws123"/>
						<entry key="securityQuestion" value="what is my username?"/>
						<entry key="securityAnswer" value="admin"/>
					</map>
				</set>
		</constructor-arg>
	</bean>
</beans>
