<?xml version="1.0" encoding="UTF-8"?>
<!DOCTYPE beans PUBLIC "-//SPRING//DTD BEAN//EN" " http://www.springframework.org/dtd/spring-beans.dtd"> 
<beans>
   
    <import resource="notifications.xml" />
	<import resource="users.xml" />
   
    <bean id="org.jwebsocket.plugins.useradmin.settings" class="org.jwebsocket.enterprise.plugins.useradmin.Settings">
        <!-- The jWebSocket user that is necessary to create the application 
        collections in ItemStorage Plugin. This user is the collections owner. -->
        <property name="collectionsOwner" value="root"/>
        <!-- The password of the user defined in the collectionsOwner property. -->
        <property name="collectionsOwnerPass" value="63a9f0ea7bb98050796b649e85481845"/>
        <!-- The default role assigned by the application to each user registered. -->
        <property name="userDefaultRole" value="org.jwebsocket.roles.guest"/>
		<!-- All the rights that need to be assigned by the application to each user registered. -->
        <property name="rightsOfUserDefaultRole">
            <map>
				<entry key="system_broadcast" value="org.jwebsocket.plugins.system.broadcast"/>
				<entry key="system_send" value="org.jwebsocket.plugins.system.send"/>
				<entry key="chat_broadcast" value="org.jwebsocket.plugins.chat.broadcast"/>
				<entry key="rpc_rpc" value="org.jwebsocket.plugins.rpc.rpc"/>
				<entry key="rpc_rrpc" value="org.jwebsocket.plugins.rpc.rrpc"/>
				<!-- JDBC rights -->
				<entry key="jdbc_select" value="org.jwebsocket.plugins.jdbc.select"/>
				<entry key="jdbc_querySQL" value="org.jwebsocket.plugins.jdbc.querySQL"/>
				<!-- filesystem rights -->
				<entry key="filesystem_load" value="org.jwebsocket.plugins.filesystem.load"/>
				<entry key="filesystem_save" value="org.jwebsocket.plugins.filesystem.save"/>
				<entry key="filesystem_append" value="org.jwebsocket.plugins.filesystem.append"/>
				<entry key="filesystem_delete" value="org.jwebsocket.plugins.filesystem.delete"/>
				<entry key="filesystem_exists" value="org.jwebsocket.plugins.filesystem.exists"/>
				<entry key="filesystem_send" value="org.jwebsocket.plugins.filesystem.send"/>
				<entry key="filesystem_getFilelist" value="org.jwebsocket.plugins.filesystem.getFilelist"/>
				<entry key="filesystem_observe" value="org.jwebsocket.plugins.filesystem.observe"/>
				<!-- Quota rights -->
				<entry key="quota_query" value="org.jwebsocket.plugins.quota.quota_query"/>
				<!-- scripting rights -->
				<entry key="scripting_reloadApp" value="org.jwebsocket.plugins.scripting.reloadApp.*"/>
				<entry key="scripting_deploy" value="org.jwebsocket.plugins.scripting.deploy.*"/>
				<entry key="scripting_simplechat_register" value="org.jwebsocket.plugins.scripting.simplechat.register"/>
				<!-- SMS rights-->
                <entry key="sms_sendSMS" value="org.jwebsocket.plugins.sms.sendSMS"/>
                <entry key="sms_generateReport" value="org.jwebsocket.plugins.sms.generateReport"/>
				<!-- Reporting rights-->
				<entry key="reporting_getReports" value="org.jwebsocket.plugins.reporting.getReports"/>
				<entry key="reporting_generateReport" value="org.jwebsocket.plugins.reporting.generateReport"/>
				<!-- Channels rights-->
				<entry key="channel_subscribe" value="org.jwebsocket.plugins.channels.subscribe"/>
				<entry key="channel_unsubscribe" value="org.jwebsocket.plugins.channels.unsubscribe"/>
				<entry key="channel_authorize" value="org.jwebsocket.plugins.channels.authorize"/>
				<entry key="channel_publish" value="org.jwebsocket.plugins.channels.publish"/>
				<entry key="channel_getChannel" value="org.jwebsocket.plugins.channels.getChannels"/>
				<entry key="channel_getSubscribers" value="org.jwebsocket.plugins.channels.getSubscribers"/>
				<entry key="channel_getPublishers" value="org.jwebsocket.plugins.channels.getPublishers"/>
				<entry key="channel_getSubscriptions" value="org.jwebsocket.plugins.channels.getSubscriptions"/>
				<entry key="channel_create" value="org.jwebsocket.plugins.channels.createChannel"/>
				<entry key="channel_remove" value="org.jwebsocket.plugins.channels.removeChannel"/>
            </map>
        </property>
        <!-- The administrator role that is created when the application is 
        initialized by first time. The default value should not be changed. -->
        <property name="nameOfUseradminRole" value="org.jwebsocket.roles.useradmin"/>
        <!-- All the rights that need to be assigned to the administrator role 
        that is created when the application is initialized by first time. The 
        default value should not be changed. -->
        <property name="rightsOfUseradminRole">
            <map>
                <entry key="read" value="org.jwebsocket.plugins.useradmin.read"/>
                <entry key="write_user" value="org.jwebsocket.plugins.useradmin.write_user"/>
                <entry key="write_role" value="org.jwebsocket.plugins.useradmin.write_role"/>
                <entry key="write_right" value="org.jwebsocket.plugins.useradmin.write_right"/>
                <entry key="quota_create" value="org.jwebsocket.plugins.quota.quota_create"/>
                <entry key="quota_remove" value="org.jwebsocket.plugins.quota.quota_remove"/>
                <entry key="quota_query" value="org.jwebsocket.plugins.quota.quota_query"/>
                <entry key="quota_update" value="org.jwebsocket.plugins.quota.quota_update"/>
            </map>
        </property>
        <!-- The information necessary to create the default administrator user 
        when the application is initialized by first time. -->
        <property name="defaultUserForUseradmin">
            <map>
                <entry key="firstname" value="Alexander"/>
                <entry key="lastname" value="Schulze"/>
                <entry key="email" value="a.schulze@jwebsocket.org"/>
                <entry key="mobile" value="+49 (160) 90915843"/>
                <entry key="myInterest" value="interest_03"/>
                <entry key="username" value="alexander"/>
                <entry key="password" value="A.schulze0"/>
                <entry key="securityQuestion" value="what is my favorite color?"/>
                <entry key="securityAnswer" value="white"/>
            </map>
        </property>
		<!-- The information necessary to create the static users when the 
		application is initialized by first time. -->
		<property name="staticUsers" ref="usersList" />
        <!-- All collection types used to create the data storages of the User 
        Administration Application in ItemStorage Plugin. The default value should 
        not be changed. -->
        <property name="collectionTypes">
            <map>
                <entry key="users" value="org.jws.ee.useradmin.definitions.user"/>
                <entry key="roles" value="org.jws.ee.useradmin.definitions.role"/>
                <entry key="rights" value="org.jws.ee.useradmin.definitions.right"/>
                <entry key="userroles" value="org.jws.ee.useradmin.definitions.userRole"/>
                <entry key="rolerights" value="org.jws.ee.useradmin.definitions.roleRight"/>
                <entry key="activations" value="org.jws.ee.useradmin.definitions.activationAccount"/>
            </map>
        </property>
        <!-- All collection names used to create the data storages of the User 
        Administration Application in ItemStorage Plugin. The default value should 
        not be changed. -->
        <property name="collectionNames">
            <map>
                <entry key="users" value="jws_useradmin_users"/>
                <entry key="roles" value="jws_useradmin_roles"/>
                <entry key="rights" value="jws_useradmin_rights"/>
                <entry key="userroles" value="jws_useradmin_user_roles"/>
                <entry key="rolerights" value="jws_useradmin_role_rights"/>
                <entry key="activations" value="jws_useradmin_activations"/>
            </map>
        </property>
        <!-- All the rules to generate a password when the administrator reset 
        any user password in the application. -->
        <property name="generatePassOptions">
            <map>
                <!-- Minimal characters for the password. -->
                <entry key="minLength" value="8"/> 
                <!-- Maximal characters for the password. -->
                <entry key="maxLength" value="16"/>
                <!-- Minimal count of lowercase characters in the pass. -->
                <entry key="lowerCaseCount" value="2"/>
                <!-- Minimal count of uppercase characters in the pass. -->
                <entry key="upperCaseCount" value="2"/>
                <!-- Minimal count of numbers in the password. -->
                <entry key="numericCount" value="2"/>
                <!-- Minimal count of special characters in the pass. -->
                <entry key="specialCharsCount" value="2"/>
            </map>
        </property>
        <!-- The interests list that is shown to the users in the registration process.
        The administrator can put in this map all interests that he want. The entry 
        format is <entry key="interest_##" value="anyValue"/> (## is a consecutive number) -->
        <property name="userInterests">
            <map>
                <entry key="interest_01" value="Commercial"/> 
                <entry key="interest_02" value="Collaboration"/>
                <entry key="interest_03" value="Development"/>
            </map>
        </property>
        <!-- The subscriptions list that is shown to the users. The administrator 
        can put in this map all subscriptions that he want. The entry format is 
        <entry key="interest_##" value="anyValue"/> (## is a consecutive number)-->
        <property name="userSubscriptions">
            <map>
                <entry key="sub_01" value="Our Newsletter"/> 
                <entry key="sub_02" value="Our Notification System"/>
            </map>
        </property>
        <!-- The communication media to send the notifications of the application.
        The default value should not be changed -->
        <property name="communicationMedia">
            <map>
                <entry key="media_01" value="Mail"/> 
                <entry key="media_02" value="SMS"/>
                <entry key="media_03" value="Mail|SMS"/>
            </map>
        </property>
        <!-- All the regular expressions used to validate the defined form fields 
        and the messages to show if the value enter by user don’t matches with this 
        rules. The defaults entries should not be removed, only the values can be changed.-->
        <property name="regExpValidators">
            <map>
                <entry key="passRegExp" value="(?=^.{8,}$)((?=.*\d)|(?=.*\W+))(?![.\n])(?=.*[A-Z])(?=.*[a-z]).*$"/>
                <entry key="passHelpMsg" value="Must be at least 8 characters and must include at least 1 capital letter, and one number or one special character."/>
                <entry key="usernameRegExp" value="^[a-z]+[a-z\d_]+$"/>
                <entry key="usernameHelpMsg" value="Must be 4-15 characters, start with a letter, and only contain letters, numbers and underscores. Example: john21."/>
                <entry key="firstnameRegExp" value="^[A-Z][a-z]+( [A-Z][a-z]+)*$"/>
                <entry key="firstnameHelpMsg" value="Start with capital letter on each word and only contain letters. Example: John."/>
                <entry key="lastnameRegExp" value="^[A-Z][a-z]+( [A-Z][a-z]+)*$"/>
                <entry key="lastnameHelpMsg" value="Start with capital letter on each word and only contain letters. Example: Smith Garret."/>
                <entry key="mobileRegExp" value="(^\+\d{1,4}[- ]\d{1,4}[- ]\d+$)|(^\+\d{1,4}\s\(\d{1,4}\)\s\d+$)"/>
                <entry key="mobileHelpMsg" value="Start with (+) and your country code, follows your mobile number Example: +49-160-12345678 or +49 (160) 12345678."/>
                <entry key="phoneRegExp" value="(^\+\d{1,4}[- ]\d{1,4}[- ]\d+$)|(^\+\d{1,4}\s\(\d{1,4}\)\s\d+$)"/>
                <entry key="phoneHelpMsg" value="Start with (+) and your country code, follows your telephone number Example: +49-2407-902486 or +49 (2407) 902486."/>
                <entry key="faxRegExp" value="(^\+\d{1,4}[- ]\d{1,4}[- ]\d+$)|(^\+\d{1,4}\s\(\d{1,4}\)\s\d+$)"/>
                <entry key="faxHelpMsg" value="Start with (+) and your country code, follows your fax number. Example: +49-2407-902487 or +49 (2407) 902487."/>
                <entry key="mailRegExp" value="^[_A-Za-z0-9-]+(\.[_A-Za-z0-9-]+)*@[A-Za-z0-9]+(\.[A-Za-z0-9]+)*(\.[A-Za-z]{2,})$"/>
            </map>
        </property>
        <!--  -->
        <property name="passwordRecoveryOption" value="recoverySecurityQuestion"/>
        <!-- All the settings related with the messages the application sends to 
        the users that interact with it. -->
        <property name="notifications" ref="notificationsMap" />
        <!-- The email address from which will be sent the defined notifications 
        of the application. -->
        <property name="mailFrom" value="uap@jwebsocket.org" />
        <!-- The source identifier from where come the SMS notifications. -->
        <property name="smsFrom" value="jWebSocket" />
        <!-- The length that should have the generated activation code. -->
        <property name="generatedCodeLength" value="8" />
        <!-- The defined expiration time for the activations code. Enter the 
        activation code expiration time in hours. -->
        <property name="codeExpirationTime" value="24" /> 
        <!-- the number of times that a user can request a new activation code 
        before his account will be deleted. -->
        <property name="requestActivationCodeAllowed" value="3" />
        <!-- The account activation process in the application. If the value is 
        true, the activation process is direct. This means that when a user creates 
        a new account directly it will be activate. If the value is false, the users 
        need to activate its accounts manually through an activation code.  -->
        <property name="directActivationAccount" value="true" />
        <!-- The URL where the user should type his activation account. -->
        <property name="activationAccountUrlByPostMethod" value="" />
        <!-- The URL where should be included the activation code. -->
        <property name="activationAccountUrlByGetMethod" value="" />
        <!-- The path of the folder that contains the templates files of the 
        mail notifications. -->
        <property name="mailNotificationTemplatesPath" value="${JWEBSOCKET_EE_HOME}conf/UserAdminPlugInEE/Templates/Mail/" />
        <!-- The path of the folder that contains the templates files of the SMS notifications. -->
        <property name="smsNotificationTemplatesPath" value="${JWEBSOCKET_EE_HOME}conf/UserAdminPlugInEE/Templates/SMS/" />
		<!-- The optional email address for cc option of all emails sent from UserAdmin. -->
		<property name="ccAdminMail" value="uap@jwebsocket.org" />
		<!--For test purpose allows to disable the mail notifications messages.-->
		<property name="disableMailNotification" value="true" />
    </bean>
   
    <!-- ####### UserAdmin authentication provider ####### -->
    <bean id="userAdminAuthProvider" class="org.jwebsocket.enterprise.plugins.useradmin.auth.UserAdminAuthenticationProvider">
        <!-- here we configure MD5 encryption of the passwords --> 
        <!-- Remark the following line to use plain text passwords, NOT RECOMMENDED! --> 
        <property name="passwordEncoder" ref="authPasswordEncoderMD5"/>
    </bean>
</beans>

