<?xml version="1.0" encoding="UTF-8"?>
<!DOCTYPE beans PUBLIC "-//SPRING//DTD BEAN//EN" " http://www.springframework.org/dtd/spring-beans.dtd"> 
<beans>
	<bean id="org.jwebsocket.plugins.ontology.settings" class="org.jwebsocket.enterprise.plugins.ontology.Settings">
		<property name="Path" value="C:\svn\innotrade\trunk\enapso\Ontologies\Simple_Datatypes.owl" />
		<property name="aliases">
			<map>
				<entry key="enapso" value="${JWEBSOCKET_EE_HOME}ontologies/Enapso.owl" />
				<entry key="colors" value="${JWEBSOCKET_EE_HOME}ontologies/Colors.owl" />
			</map>
		</property>
	</bean>
</beans>
