<?xml version="1.0" encoding="UTF-8"?>
<!DOCTYPE beans PUBLIC "-//SPRING//DTD BEAN//EN" " http://www.springframework.org/dtd/spring-beans.dtd"> 
<beans>
	<!--  Event Definitions-->
	<import resource="event_definitions.xml" />
	<import resource="filters.xml" />
	<import resource="plugins.xml" />
	<import resource="security.xml" />

	<!-- Core -->
	<!-- Core -->
	<bean id="EventModel" class="org.jwebsocket.eventmodel.core.EventModel"
		  init-method="initialize" destroy-method="shutdown">
	
		<!--  Application namespace -->
		<constructor-arg index="0" value="test"/>
		
		<!--  EventFactory dependency -->
		<constructor-arg index="1" ref="EventFactory"/>
		
		<!--  S2CEventNotificationHandler dependency -->
		<constructor-arg index="2" ref="S2CEventNotificationHandler"/>
		
		<!--  IExceptionHandler dependency -->
		<constructor-arg index="3" ref="ExceptionHandler"/>

		<property name="env" value="dev" />
		<property name="maxExecutionTime" value="3" />
		<property name="filterChain">
			<set>
				<ref bean="RouterFilter" />
				<ref bean="SecurityFilter" />
				<ref bean="CacheFilter" />
				<ref bean="ValidatorFilter" />
				<ref bean="AnnotationFilter" />
			</set>
		</property>
		<property name="plugIns">
			<set>
				<ref bean="AuthPlugIn" />
				<ref bean="SystemPlugIn" />
				<ref bean="ArduinoRemoteControlPlugIn" />
			</set>
		</property>
	</bean>
	
	<!-- Global exception handler for uncaught exceptions -->
	<bean id="ExceptionHandler" class="org.jwebsocket.eventmodel.exception.ExceptionHandler"
			  init-method="initialize" destroy-method="shutdown" />
	
	<!-- WebSocket events factory-->
	<bean id="EventFactory" class="org.jwebsocket.eventmodel.factory.EventFactory"
			  depends-on="EventDefinitionManager">
		<property name="eventDefinitions" ref="EventDefinitionManager" />
	</bean>
	
	<!-- Generic types support-->
	<bean id="TypesMap" class="org.jwebsocket.eventmodel.filter.validator.TypesMap">
		<property name="types">
			<map>
				<entry key="string" value="java.lang.String" />
				<entry key="boolean" value="java.lang.Boolean" />
				<entry key="number" value="java.lang.Double" />
				<entry key="double" value="java.lang.Double" />
				<entry key="integer" value="java.lang.Integer" />
				<entry key="array" value="java.util.Collection" />
				<entry key="token" value="org.jwebsocket.token.Token" />
				<entry key="object" value="java.util.Map" />
				<entry key="list" value="java.util.List" />
			</map>
		</property>
	</bean>
	
	<!-- S2CEventNotificationHandler-->
	<bean id="S2CEventNotificationHandler" class="org.jwebsocket.eventmodel.s2c.S2CEventNotificationHandler"
		destroy-method="shutdown">
		<property name="typesMap" ref="TypesMap" />
	</bean>

	<!-- MongoDB connection
	<bean id="MongoDBConnection0" class="com.mongodb.Mongo" destroy-method="close">
	</bean>
	-->
</beans>
