<?xml version="1.0" encoding="UTF-8"?>
<!DOCTYPE beans PUBLIC "-//SPRING//DTD BEAN//EN" " http://www.springframework.org/dtd/spring-beans.dtd"> 
<beans>
	
	<!-- ORMLite (JDBC) Storage -->
	<bean id="storageProvider" class="org.jwebsocket.storage.ormlite.OrmLiteStorageProvider" init-method="initialize">
		<constructor-arg index="0">
			<bean class="com.j256.ormlite.spring.DaoFactory"
				  factory-method="createDao">
				<constructor-arg index="0" ref="channelsDataSource" />
				<constructor-arg index="1" value="org.jwebsocket.storage.ormlite.EntryEntity" />
			</bean>
		</constructor-arg>
	</bean>

	<bean id="channelManager" class="org.jwebsocket.plugins.channels.ChannelManager" init-method="initialize">
		<constructor-arg>
			<map>
				<!-- set this to true if you want to allow to create new system channels 
				from the client side, default is false, not recommended! -->
				<!--
				<entry key="allowCreateSystemChannels">
					<value>false</value>
				</entry>
				-->
				<entry key="channel:privateA">
					<value>{state:"STARTED",owner:"root",name:"Private A",isPrivate:true ,isSystem:false,access_key:"9df3b01c60df20d13843841ff0d4482c",secret_key:"5ebe2294ecd0e0f08eab7690d2a6ee69",token_server:"ts0"}</value>
				</entry>
				<entry key="channel:privateB">
					<value>{state:"STARTED",owner:"root",name:"Private B",isPrivate:true ,isSystem:false,access_key:"9df3b01c60df20d13843841ff0d4482c",secret_key:"5ebe2294ecd0e0f08eab7690d2a6ee69",token_server:"ts0"}</value>
				</entry>
				<entry key="channel:publicA">
					<value>{state:"STARTED",owner:"root",name:"Public A" ,isPrivate:false,isSystem:false,access_key:"9df3b01c60df20d13843841ff0d4482c",secret_key:"5ebe2294ecd0e0f08eab7690d2a6ee69",token_server:"ts0"}</value>
				</entry>
				<entry key="channel:publicB">
					<value>{state:"STARTED",owner:"root",name:"Public B" ,isPrivate:false,isSystem:false,access_key:"9df3b01c60df20d13843841ff0d4482c",secret_key:"5ebe2294ecd0e0f08eab7690d2a6ee69",token_server:"ts0"}</value>
				</entry>
				<entry key="channel:systemA">
					<value>{state:"STARTED",owner:"root",name:"System A" ,isPrivate:false,isSystem:true ,access_key:"9df3b01c60df20d13843841ff0d4482c",secret_key:"5ebe2294ecd0e0f08eab7690d2a6ee69",token_server:"ts0"}</value>
				</entry>
				<entry key="channel:systemB">
					<value>{state:"STARTED",owner:"root",name:"System B" ,isPrivate:false,isSystem:true ,access_key:"9df3b01c60df20d13843841ff0d4482c",secret_key:"5ebe2294ecd0e0f08eab7690d2a6ee69",token_server:"ts0"}</value>
				</entry>
				<entry key="channel:jWebSocketSlideShowDemo">
					<value>{state:"STARTED",owner:"root",name:"SlideShow Demo" ,isPrivate:false,isSystem:true, access_key:"366bc8df91836c31e10987be850c9ff1",secret_key:"e9b9b1db28d15d5ea630fb219eb9f501",token_server:"ts0"}</value>
				</entry>
				<entry key="channel:jWebSocketGamingDemo">
					<value>{state:"STARTED",owner:"root",name:"Gaming Demo" ,isPrivate:false,isSystem:true, access_key:"967ef2eb34634ba418db94dab610ba6f",secret_key:"09e681c3678418e9420728b8b6a5e93b",token_server:"ts0"}</value>
				</entry>
				<entry key="channel:jWebSocketVideoStreamingDemo">
					<value>{state:"STARTED",owner:"root",name:"Video Streaming Demo" ,isPrivate:false,isSystem:true, access_key:"f7b44cfafd5c52223d5498196c8a2e7b",secret_key:"6ea9d3504a42de8008ddc959e1048faa",token_server:"ts0"}</value>
				</entry>
				<entry key="channel:jWebSocketSharedCanvasDemo">
					<value>{state:"STARTED",owner:"root",name:"Shared Canvas Demo" ,isPrivate:false,isSystem:true, access_key:"9df3b01c60df20d13843841ff0d4482c",secret_key:"5ebe2294ecd0e0f08eab7690d2a6ee69",token_server:"ts0"}</value>
				</entry>
			</map>
		</constructor-arg>	
		<constructor-arg ref="storageProvider"/>
	</bean>

</beans>
